Vocabulary,English,Thai,Example,Phonetic,Synonyms,Antonyms
commuting,[N/V] going to work and back every day,,I spend two hours commuting to work every day.,,commutation,
rear,[N/Adj] the back part / [V] to raise children or animals,,Please exit through the rear door.,reer,prance,
ventilation,[N] system that moves fresh air in and out,,The office needs better ventilation.,,"airing, ventilating system, ventilation system",
irrigation,[N] system for bringing water to farms,,The farm uses a modern irrigation system.,ihruh-gayshuhn,,
lawn,[N] flat area of short grass in a yard,,He mows the lawn every weekend.,lawn,,
courteously,[Adv] in a polite and respectful way,,The staff courteously greeted every guest.,,"politely, in a well mannered way, with courtesy, with politeness","rudely, discourteously, impolitely"
proceeds,[N] money you get from selling something or from an event,,All proceeds from the event go to charity.,pruhuusidz,"yield, issue, return, take, payoff",
hold,[V] to keep something / to have an event,,We will hold a meeting next Monday.,huhuuld,"sustain, support, control, clutch, retain","release, let go, let go of"
steep,[Adj] going up very sharply / (price) very high,,The price increase was too steep.,stip,"sharp, heavy, exorbitant, high, bold",gradual
dedication,[N] working very hard on something because you care,,Her dedication to the project impressed everyone.,dehdih-kayshuhn,"commitment, allegiance, loyalty",
competent,[Adj] good at doing a job,,We need a competent manager for this role.,kahmpuhtuhnt,"adequate, efficient, effective, capable, qualified",incompetent
indecisive,[Adj] can't make up your mind,,He's too indecisive to lead the team.,ihndih-seyesihv,"irresolute, hesitant, indefinite, suspensive, undecided",decisive
undergo,[V] to go through something (usually difficult),,The building will undergo major renovations.,uhnduh-guhuu,"go through, take, undercome, brook, put up with",
teller,[N] person who works at a bank counter,,The bank teller helped me open an account.,tehluh,"cashier, bank clerk, vote counter",
respective,[Adj] each one's own,,Please return to your respective departments.,rih-spehktihv,"various, several",
fortune,[N] a lot of money / good luck,,He made a fortune in real estate.,fawchun,"riches, hap, luck","doom, misfortune"
roughly,"[Adv] about, not exactly",,The project will take roughly three months.,ruhf-li,"rough, about, some, just about, around",
leaky,[Adj] has a hole that lets water through,,We need to fix the leaky roof.,liki,"seeping, incontinent, oozing, communicative, permeable",tight
faucet,[N] the thing you turn to get water (tap),,The faucet in the kitchen is broken.,fawsiht,,
reimbursement,[N] getting your money back after you paid for something,,Submit your receipts for reimbursement.,ri-ihm-bɜs-muhnt,,
incur,[V] to cause something bad to happen to yourself (like a cost),,Late payments will incur additional fees.,ihn-kuh,"contract, encounter, occasion",
reinforce,[V] to make something stronger,,We need to reinforce the safety policy.,riihn-faw(r)s,"emphasize, repeat, review, encourage, instruct",
comply,[V] to do what the rules say,,All employees must comply with the new rules.,kuhm-pleye,"accede, acquiesce, assent, adhere, abide by","break, dissent, violate"
interfere,[V] to get in the way of something,,Don't let personal issues interfere with work.,ihntuh-feer,"interpose, intervene, step in",
propose,[V] to suggest an idea,,I'd like to propose a new approach.,pruh-puhuuz,"project, purpose, advise, purport, suggest",
provide that,"[Conj] only if, as long as",,"You may leave early, provide that your work is done.",,,
solitary,"[Adj] alone, by yourself",,He prefers solitary work over teamwork.,sahlihtri,"only, inaccessible, unaccompanied, lonely, eremitic",
spare,"[Adj] extra, not being used",,Do you have a spare charger?,spair(r),"superfluous, free, lean, bare, redundant",
upon,[Prep] on / when something happens,,"Upon arrival, please check in at the front desk.",uh-pahn,,
given,"[Prep] thinking about, considering",,"Given the budget, this is the best option.",gih-vuhn,"presumption, acknowledged, relinquished, conferred, bestowed",taken
remarkable,"[Adj] really impressive, worth noticing",,She made remarkable progress this quarter.,rih-mahkuhbl̩,"abnormal, queer, singular, eminent, extraordinary","normal, unremarkable"
strict,[Adj] very serious about rules,,The company has strict deadlines.,strihkt,"stern, severe, rigid, rigorous, exacting","lax, lenient, permissive"
deteriorate,[V] to become worse over time,,The road conditions have deteriorated.,dih-teerreerrayt,"degenerate, go off, nerf, weaken, worsen","ameliorate, better, improve"
occupy,[V] to live in or use a space,,The new tenant will occupy the office next week.,ahkyuupeye,"coitize, go to bed with, sleep with, busy, employ",
carry,[V] to hold and move something / carry out = do it,,Please carry out the instructions carefully.,ka-ri,"convey, conduct, hold, express, run",
complement,[N/V] something that goes well with another thing,,The new software complements our existing system.,kahmpluhmuhnt,full complement,
remit,[V] to send money as payment,,Please remit payment within 30 days.,rih-miht,"brief, responsibility",
occasionally,"[Adv] sometimes, not very often",,I occasionally work from home.,uh-kayzhnuhli,"on occasion, once in a while, now and then, at times, now and again",
vaguely,"[Adv] not clearly, only a little bit",,I vaguely remember the meeting details.,vaygli,mistily,
substantially,"[Adv] by a lot, a big amount",,Sales have increased substantially this year.,,"well, considerably",
in advance of,[Prep] before,,Please submit your report in advance of the meeting.,,,
on behalf of,"[Prep] for someone, representing someone",,I'm writing on behalf of the marketing team.,,,
importance,[N] how much something matters,,The importance of teamwork cannot be overstated.,ihm-pawtuhns,grandness,unimportance
important,[Adj] matters a lot,,It's important to meet the deadline.,ihm-pawtuhnt,"eminent, profound, significant, portentous, prodigious","insignificant, unimportant, noncrucial"
performance,[N] how well you do something / a show,,His performance review was excellent.,[puh-faw-muhns],"execution, operation, functioning, doing, carrying out",
delegation,[N] a group of people sent to represent others,,A delegation from Japan visited our office.,dehlih-gayshuhn,"commission, mission, delegacy, deputation, relegation",
deliberation,[N] thinking carefully before deciding,,"After much deliberation, we chose vendor B.",dih-lihbuh-rayshuhn,"calculation, unhurriedness, slowness, deliberateness, advisement",
precede,[V] to come before something,,A welcome speech will precede the main event.,pri-sid,forego,succeed
pricy,"[Adj] costs a lot, expensive",,The restaurant is good but a bit pricy.,,"expensive, costly, high-priced, dear, pricey",
praise,[V/N] to say someone did a good job,,The manager praised the team for their hard work.,prayz,"kudos, congratulations","criticize, criticise, pick apart"
subject to,[PhrV] depends on / might be affected by,,The offer is subject to availability.,,,
accommodation,"[N] a place to stay (hotel, room, etc.)",,The hotel offers excellent accommodation.,uh-kahm-uh-day-shuhn,"adjustment, fitting",
account,[N] where you keep money at a bank / a description,,I'd like to open a savings account.,uh-kownt,"chronicle, score, report, explanation, history",
apologize,[V] to say sorry,,I apologize for the inconvenience.,uh-pahluhd͡zheyez,"excuse, justify, rationalize, apologise",
appointment,[N] a time you planned to meet someone,,I have a dentist appointment at 3 PM.,uh-poynt-mehnt,"engagement, designation, date, assignment, appointee",
arrange,[V] to plan and set things up,,Can you arrange a meeting for Friday?,uh-rayny,"order, set, stage, set up, coif",disarrange
baggage,[N] bags you bring when traveling,,Please collect your baggage at carousel 3.,bagihy,"bags, gear, luggage, stuff",
balance,[N] how much money is left / being steady,,Check your account balance online.,baluhns,"equilibrium, account, scales, weighbridge, weighing machine","imbalance, nonequilibrium, unbalance"
bargain,[N/V] something cheap and good / to talk about price,,This laptop was a real bargain.,-gihn,"contract, engagement, stipulation, purchase, rip-off",
beverage,[N] any drink,,Would you like a beverage with your meal?,bevuhrihy,drink,
bill,[N] a paper that shows how much you need to pay,,"Can I have the bill, please?",bihl,"charge, account, peak, measure, note",
budget,[N] a plan for how to spend money,,We need to stay within budget.,buhy-iht,low-cost,
cancel,[V] to stop something that was planned,,I need to cancel my reservation.,kansl̩,"offset, natural, set off, invalidate, call off",
cash,[N] real money (coins and paper bills),,Do you accept cash?,kash,"cash in, immediate payment","deferred payment, credit"
clinic,[N] a small place where you see a doctor,,The clinic opens at 8 AM.,klihnihk,,
colleague,[N] someone you work with,,My colleague will assist you.,kahlig,"coworker, workmate",
commute,[V/N] to travel to work / the trip to work,,My daily commute takes about 45 minutes.,kuh-myut,"convert, change, exchange, transpose, permute",
complain,[V] to say you are not happy about something,,Several customers complained about the delay.,kuhm-playn,"plain, kvetch, quetch, kick, sound off","cheer, chirk up, cheer up"
confirm,[V] to make sure something is correct or true,,Can you confirm the booking?,kuhn-fɜm,"sustain, affirm, support, corroborate, substantiate","negate, contradict"
convenient,[Adj] easy and comfortable to use or do,,Is Thursday convenient for you?,kuhn-viniuhnt,"easy, expedient, simple",inconvenient
credit,[N] money added to your account / praise for doing well,,Your account has been credited.,krehdiht,"recognition, reference, accredit, mention, quotation","cash, debit, debit entry"
customer,[N] a person who buys something,,The customer is always right.,kuhstuhmuh,client,
delay,[V/N] to make something late / waiting longer than expected,,We apologize for the delay.,dih-lay,"calm, moderate, quell, cunctation, hold-up",
deliver,[V] to bring something to someone,,We can deliver by next Tuesday.,dih-lihvuh(r),"come through, come up with the goods, outbring, utter, free",
depart,[V] to leave a place,,The train departs at 9:15 AM.,dih-paht,"part, deviate, start, stray, digress","conform, come, stay"
deposit,[V/N] to put money into a bank / money paid first,,A deposit of $200 is required.,dih-pahziht,"repository, pose, posit, bank, stick","free, draw, withdraw"
destination,[N] the place you are going to,,What is your final destination?,dehstih-nayshuhn,"address, terminus, goal, name and address",
discount,"[N] a lower price, money off",,We offer a 20% discount for members.,dihs-kownt,"disregard, dismiss, ignore, brush off, brush aside",
document,[N] an official paper or file,,Please sign the document.,dahkyuumuhnt,"papers, text file, written document",
equipment,[N] tools or machines you need for a job,,All safety equipment must be worn.,ih-kwihpmuhnt,,
essential,"[Adj] you really need it, very important",,Good communication is essential.,ih-sehn-shuhl,"substantial, crucial, important, indispensable, requisite","adjective, inessential, nonessential"
estimate,[V/N] to guess how much / a rough number,,Can you give me a cost estimate?,ehstihmiht,"idea, reckon, figure, gauge, appraisal",
exchange,[V/N] to give one thing and get another,,I'd like to exchange this item.,ehks-chayny,"convert, change, interchange, commute, switch",
expect,[V] to think something will happen,,We expect the shipment by Friday.,ehk-spehkt,"look, carry, anticipate, require, gestate",
facility,[N] a building made for a special purpose,,The facility includes a gym and pool.,fuh-sihlihti,"proficiency, privy, adroitness, john, technique",
fare,"[N] the price of a bus, train, or taxi ride",,The bus fare is $2.50.,fair(r),"come, make out, do, get along, menu",
feedback,[N] what people say about how you did,,We value your feedback.,fid-bak,,
flight,[N] a trip on an airplane,,My flight was delayed by two hours.,fleyet,"escape, trajectory, fledge, flying, flight of stairs",
frequent,"[Adj] happens a lot, often",,She is a frequent visitor to our store.,fri-kwuhnt,"common, predominant, steady, regular, patronize","infrequent, boycott"
grocery,[N] food and things you buy at a supermarket,,I need to pick up some groceries.,gruhuus(uh)ri,"market, foodstuff, grocery store",
guarantee,[V/N] a promise that something will work or happen,,We guarantee delivery within 3 days.,garuhn-ti,"assure, secure, ensure, undertake, insure",
handle,"[V] to take care of something, deal with it",,She handles customer complaints very well.,han-dl,"address, work, hold, manage, cover",
hire,[V] to give someone a job,,We plan to hire 10 new employees.,heyeuh,"employ, employment",
improve,[V] to make something better,,We're working to improve our service.,ihm-pruv,"ameliorate, meliorate, better, amend","decline, exacerbate, aggravate"
include,[V] to have something as part of it,,The price includes breakfast.,ihn-klud,"admit, let in","omit, exclude, shut"
inform,[V] to tell someone about something,,Please inform us of any changes.,ihn-fawm,,
install,[V] to set up something new so it's ready to use,,A technician will install the software.,ihn-stawl,"establish, set up, put in, instal",
interview,[N/V] a meeting where someone asks you questions (for a job),,I have a job interview tomorrow.,ihntuhvyu,"question, audience, consultation",
invest,[V] to put money into something hoping to get more back,,She decided to invest in stocks.,ihn-vehst,"endow, empower, induct, adorn, endue",divest
invoice,[N] a paper that asks for payment,,The invoice is due within 30 days.,ihn-voys,shipment,
issue,[N/V] a problem / to give out officially,,There's an issue with the printer.,ihsyu,"charge, sally, sortie, descendant, fruit of one's loins",
luggage,[N] bags and suitcases for traveling,,Keep your luggage with you at all times.,luhgihd͡zh,baggage,
maintain,[V] to keep something working well,,We maintain high quality standards.,mayn-tayn,"assert, sustain, observe, hold, preserve",
manage,[V] to be in charge of something,,He manages a team of 15 people.,manihy,"contend, handle, grapple, deal, wangle",fail
meal,"[N] food you eat at one time (breakfast, lunch, dinner)",,The meal was delicious.,mil,repast,
medicine,[N] something you take when you're sick,,Take this medicine twice a day.,med(ih)-sn,"drug, elixir, pharmaceutical, prescription, course",
meeting,[N] when people come together to talk about something,,The meeting starts at 10 AM.,mitihng,"confluence, encounter, get together, merging, coming together",
notice,[N/V] a sign or message / to see something,,Did you notice the new sign?,nuhuutihs,"heed, regard, recognize","ignore, neglect"
offer,[V/N] to say you will give or do something,,They offered me the position.,ahfɚ,"tender, crack, pass, fling, provide",
operate,[V] to use a machine / to run a business,,The machine is easy to operate.,ahpuhrayt,"control, work, engage, function, run","withdraw, malfunction, disengage"
order,[N/V] to ask to buy something / to tell someone what to do,,"I'd like to order the chicken, please.",awduh,"range, tell, society, rank, club","disarray, disorder, deregulate"
organize,[V] to plan and arrange things,,Who organized this event?,awguhneyez,"direct, form, devise, coordinate, orchestrate",disorganize
participate,[V] to join in and be part of something,,Everyone is encouraged to participate.,pah-tihsihpayt,"take part, enter","give up, quit, leave"
passenger,"[N] a person riding in a bus, train, or plane",,All passengers must fasten their seatbelts.,pasuhnd͡zhuh,rider,
patient,[N/Adj] a sick person at a hospital / able to wait calmly,,Please be patient — we'll be with you shortly.,payshuhnt,"diligent, enduring, tolerant, unhurried, longanimous",impatient
payment,[N] money you give to pay for something,,Payment is due on the 1st of each month.,paymuhnt,scot,
postpone,[V] to move something to a later time,,The event has been postponed to next week.,pohst-pohn,"defer, delay, forestay, posticipate, procrastinate","advance, antedate, bring forward"
prepare,[V] to get ready,,Please prepare the presentation by Friday.,prih-pair,"set, develop, devise, train, set up",
prevent,[V] to stop something bad from happening,,Wearing a mask helps prevent the spread.,pruh-vehnt,"preclude, forestall, keep, forbid, foreclose","allow, permit, let"
provide,[V] to give what is needed,,We provide free Wi-Fi for all guests.,pruh-veyed,"render, supply, ply, offer, put up",
purchase,[V/N] to buy something,,You can purchase tickets online.,pɜchuhs,"contact, grip, hold, foothold, support",
purpose,[N] the reason why you do something,,What is the purpose of your visit?,pɜpuhs,"resolve, determination, function, use, purport",
receipt,[N] a paper that proves you paid,,Would you like a receipt?,rih-sit,"acknowledge, reception, receiving",
receive,[V] to get something,,I received your email this morning.,rih-siv,"experience, obtain, encounter, have, incur",say farewell
recipe,[N] steps for how to cook something,,Can you share the recipe?,rehs-uh-pi,formula,
recommend,[V] to tell someone they should try something,,I highly recommend this restaurant.,rehkuh-mehnd,"advocate, urge, commend",
refund,[N/V] money you get back when you return something,,I'd like to request a refund.,,"return, repayment, repay, give back",
repair,[V/N] to fix something broken,,The elevator is under repair.,rih-pair,"mend, reparation, resort, restore, fix","break, bust"
replace,[V] to put a new one in place of the old one,,We'll replace the defective item for free.,rih-plays,"substitute, supersede, supplant, put back, supervene upon",
request,[N/V] to ask for something politely,,I'd like to request a day off.,rih-kwehst,"bespeak, petition, call for, asking, quest",
require,[V] to need something,,This position requires 3 years of experience.,rih-kweyeuh,"compel, necessitate, command, demand, want","obviate, eliminate, rid of"
reservation,"[N] when you book a table, room, or seat ahead of time",,I have a reservation under the name Smith.,rehzuh-vayshuhn,"res, reserve, rez, booking, median",
resign,[V] to quit your job,,He resigned from his position last month.,rih-zeyen,"renounce, reconcile, submit, give up, vacate",
respond,[V] to answer or reply,,Please respond by end of day.,,"answer, reply, react",
resume,[N] a paper that lists your work experience and skills,,Please attach your resume to the application.,ruh-zyum,"survey, sketch, curriculum vitae, summarize, restart",
retail,[N/Adj] selling things directly to people in shops,,She works in retail.,ri-tayl,,"explain, wholesale"
review,[V/N] to look at something again carefully / an opinion,,Let's review the contract before signing.,rih-vyu,"survey, critique, inspection, retrospect, recap",
salary,[N] money you get every month for your job,,The salary is negotiable.,salɚi,"remuneration, wage, earnings, pay",
schedule,[N/V] a plan of when things will happen,,What's your schedule like next week?,skeh-yu-uhl,"docket, agenda",
service,[N] help that a business gives to customers,,The service here is excellent.,sɜvihs,"avail, serve, overhaul, serving, servicing","disservice, ill turn, ill service"
shift,"[N] a set time you work (morning shift, night shift)",,I'm working the night shift.,shihft,"lurch, pitch, slip, transformation, careen",
signature,[N] your name written in your own style,,Please put your signature here.,sihgnuhchuh,"sig, siggy",
staff,[N] all the people who work at a place,,All staff must attend the training.,staf,"faculty, stave",
submit,[V] to give or send something officially (like a form),,Please submit the form by Friday.,suhb-miht,"accede, render, state, present, reconcile",
suggest,[V] to give an idea for someone to think about,,I suggest we start earlier.,suh-yehst,"intimate, evoke, indicate, advise, hint",contraindicate
supply,[N/V] things available to use / to give what is needed,,We supply office equipment nationwide.,suh-pleye,"render, issue, provide, provision, append","demand, recall"
symptom,[N] a sign that you are sick (like fever or cough),,What are your symptoms?,sihm(p)tuhm,,
target,[N] a goal you want to reach,,We exceeded our sales target.,tahgiht,target language,
temporary,"[Adj] only for a short time, not forever",,This is a temporary arrangement.,tehmpuhri,"ephemeral, transient, evanescent, temporal, transitory","lasting, permanent"
ticket,[N] a paper or card that lets you enter or travel,,I booked a round-trip ticket.,tihkiht,fine,
tip,[N] a helpful idea / extra money you give for good service,,Here's a useful tip for the exam.,tihp,"crest, lead, point, lean, tilt",
traffic,[N] cars and vehicles on the road,,Traffic is heavy during rush hour.,trafihk,dealings,
transaction,[N] when money is paid or received (a deal),,The transaction was completed successfully.,tran-zakshuhn,"dealing, dealings",
transfer,[V/N] to move something from one place to another,,I need to transfer money to another account.,tranzfɜ,"transferal, transference, transfer student, copy, transpose",
transport,[V/N] to move people or things from place to place,,Public transport is very convenient here.,,"conveyance, ferry, moving, relocation, shifting",
travel,[V/N] to go to another place,,I travel for work twice a month.,travuhl,"jaunt, trip, move, journey, locomotion",stay in place
update,[V/N] to give the newest info / to make something current,,I'll update you after the meeting.,,,
urgent,[Adj] needs to be done right now,,This is an urgent matter.,ɜyuhnt,"imperative, pressing",
vacation,[N] time off from work to relax,,I'm going on vacation next week.,vay-kaysh(uh)n,holiday,
valid,"[Adj] still works, still accepted (not expired)",,Is your passport still valid?,valihd,"sound, legitimate, logical, binding, reasoned",invalid
vehicle,"[N] something you drive (car, truck, bus)",,Only authorized vehicles may enter.,vih(uh)-kuhl,,
warranty,[N] a promise to fix or replace if it breaks,,The warranty covers repairs for one year.,wah-ruhn-ti,"guarantee, warrant",
withdraw,[V] to take money out of your bank,,I need to withdraw some cash.,wihth-draw,"draw, recall, retreat, sequester, recede","engage, operate, bank"
accomplish,[V] to finish something successfully,,We accomplished all our goals this quarter.,uh-kuhm-plihsh,"achieve, carry out, complete, consummate, do",
acquire,[V] to get or buy something,,The company acquired a smaller firm.,uh-kweyeuh,"produce, develop, take, adopt, get",
allocate,[V] to decide how to share or divide something,,We need to allocate more budget to marketing.,al-uh-kayt,apportion,
amend,[V] to make small changes to fix a document,,The contract was amended to include new terms.,uh-mehnd,"ameliorate, correct, improve",
auditor,[N] a person who checks if money records are correct,,The auditor found no irregularities.,awdihtuh(r),"listener, hearer",
bankrupt,[Adj/V] having no money to pay what you owe,,The company went bankrupt last year.,bang-kruhpt,"break, ruin, insolvent",
capacity,[N] the most something can hold / ability to do something,,The venue has a capacity of 500 people.,kuh-pasihti,throughput,
collaborate,[V] to work together with others,,Our teams will collaborate on this project.,kuh-labuhrayt,"get together, join forces, cooperate",
compensation,[N] money or reward you get for work or loss,,Employees receive fair compensation.,kahmpehn-sayshuhn,recompense,
comprehensive,"[Adj] covers everything, very complete",,We offer a comprehensive training program.,kahm-prih-hehn-sihv,"broad, extensive, panoptic, general, large","incomprehensive, noncomprehensive"
consensus,[N] when everyone agrees,,The board reached a consensus.,,general agreement,dissensus
deduct,[V] to take away an amount (from pay or total),,Taxes are deducted from your salary.,dih-duukt,"infer, derive, deduce, withhold, recoup","add, add together"
deficit,[N] when you spend more than you have,,The company reported a budget deficit.,dehfihsiht,"shortfall, shortage",
eligible,[Adj] allowed to do something because you meet the rules,,You are eligible for a promotion.,ehlihyuhb(uh)l,"suitable, desirable, in line, entitled, legal",ineligible
evaluate,[V] to check how good something is,,We evaluate performance annually.,ih-valyuuayt,"assess, appraise, value, measure",
executive,[N/Adj] a high-level manager in a company,,She's a senior executive at the firm.,ehg-zehkyuutihv,"executive director, administrator",
fluctuate,[V] to keep going up and down,,Prices tend to fluctuate during the holidays.,,"vacillate, waver",
implement,[V] to start using a plan or idea,,We will implement the new policy next month.,ihmpluhmuhnt,"apply, utilize, carry out, enforce, go through","free, exempt, relieve"
incentive,[N] something that makes you want to work harder (like a bonus),,Bonuses are a great incentive for employees.,ihn-sehntihv,"inducement, bonus","deterrence, disincentive"
inventory,[N] a list of all items a store or company has,,We need to check the inventory.,ihn-vehn-tuh-ri,"stock, armory, stocktaking, armoury, inventorying",
liability,[N] something you are responsible for / money you owe,,The company denied any liability.,leyeuh-bihlihti,"indebtedness, pecuniary obligation, financial obligation","plus, asset"
lucrative,[Adj] makes a lot of money,,It turned out to be a lucrative investment.,,"remunerative, profitable, moneymaking",
mandatory,"[Adj] you must do it, required",,Attendance is mandatory for all staff.,man-duh-t(uh)ri,"obligatory, compulsory, required, mandatary",
merge,[V] to join two things into one,,The two companies decided to merge.,mɜy,"coalesce, conflate, fuse, commingle, unite","unambitiously, disunify, break apart"
negotiate,[V] to talk and try to reach a deal,,We're still negotiating the contract terms.,nuh-guhuu-shi-ayt,"negociate, talk terms",
obsolete,"[Adj] too old, no one uses it anymore",,This technology is now obsolete.,ahbsuhlit,"abortive, obscure, rudimental, antiquated, deprecated",
penalty,"[N] a punishment, usually money you have to pay",,There's a penalty for late payment.,pehnuhlti,"punishment, punition, sentence",
personnel,[N] the people who work at a company,,Contact the personnel department for details.,-el,force,
preliminary,"[Adj] first step, before the main thing",,The preliminary results look promising.,prih-lihmihnuhri,"initial, introductory, preparatory","definitive, final"
prominent,[Adj] famous and important,,She's a prominent figure in the industry.,prahmihnuhnt,"attention-grabbing, eye-catching, flashy, eminent, forestanding",
revenue,[N] money a business earns,,Revenue increased by 15% this quarter.,rehvuhnyu,"gross, taxation, tax revenue, receipts, tax income",
scrutinize,[V] to look at something very carefully,,The auditor scrutinized every transaction.,skrutihneyez,"inspect, audit, take stock, size up",
strategy,[N] a plan to reach a goal,,We need a new marketing strategy.,stratuhyi,generalship,
subsidiary,[N] a smaller company owned by a bigger one,,The subsidiary operates in three countries.,suhb-sih-di-uhr-i,"subordinate, adjunct, auxiliary, ancillary, adjuvant",
tenant,[N] a person who pays to live in someone's place,,The tenant signed a two-year lease.,teh-nuhnt,renter,
terminate,[V] to end something / to fire someone from a job,,His contract was terminated early.,tɜmihnayt,"dismiss, fire, cease, end, sack","engage, employ, commence"
unanimous,"[Adj] everyone agrees, no one disagrees",,The decision was unanimous.,yu-nanihmuhs,"solid, accordant, consentaneous, unvaried, consentient",
vendor,[N] a person or company that sells things,,We're looking for a new vendor.,vehn-duh,"trafficker, vender, seller",
versatile,[Adj] can do many different things well,,She's a versatile employee who can do many tasks.,vɝsuhtl̩,"skilled, various, varied, variable, flexible",
yield,[V/N] to produce or give / profit from an investment,,The investment yielded a 10% return.,yild,"bear, capitulate, cede, defer, give in",
absolutely,"[Adv] 100%, totally, for sure","[Adv] อย่างแน่นอน, อย่างสมบูรณ์",I absolutely agree with you.,ab-suh-l(y)ut-lih,"dead, utterly, perfectly",
access,[N/V] a way to get in or use something,"[N/V] การเข้าถึง, เข้าถึง",Employees can access the system remotely.,aksehs,"approach, entree, admittance, memory access, get at",
achievement,[N] something great you did,"[N] ความสำเร็จ, ผลงาน",Winning the award was a great achievement.,uh-chivmuhnt,accomplishment,
acknowledge,[V] to say you know about something or accept it,"[V] ยอมรับ, รับทราบ",Please acknowledge receipt of this email.,uhk-nah-lihy,"admit, allow, avow, concede, confess",
adapt,[V] to change yourself to fit a new situation,"[V] ปรับตัว, ดัดแปลง",You need to adapt to the new system.,uh-dapt,"embrace, accommodate, conform, espouse, adjust",
adequate,"[Adj] enough, good enough","[Adj] เพียงพอ, พอเหมาะ",The budget is adequate for this project.,,"acceptable, correspondent, proportionate, satisfactory, sufficient",inadequate
adjust,[V] to change a little to make it better,"[V] ปรับ, แก้ไข",We need to adjust the schedule.,uh-yuhst,"set, conform, adapt, align, line up",skew
administration,[N] the people who run a company or organization,"[N] การบริหาร, ฝ่ายบริหาร",The administration approved the request.,uhd-mihnuh-strayshuhn,"conduct, governing, management, organization, regulation",
adopt,[V] to start using something new / to take a child as your own,"[V] นำมาใช้, รับเลี้ยง",The company adopted a new policy.,uh-dahpt,"acquire, take, espouse, assume, follow",
advance,[N/V] to move forward / ahead of time,"[N/V] ความก้าวหน้า, ล่วงหน้า",Please book in advance.,uhd-vans,"accelerate, adduce, aggrandize, allege, assign","regress, regression, retract"
agenda,[N] a list of things to talk about in a meeting,"[N] วาระการประชุม, กำหนดการ",What's on today's agenda?,uh-yehn-duh,"docket, schedule, worklist",
aggressive,[Adj] very strong and pushy,"[Adj] ก้าวร้าว, เชิงรุก",They took an aggressive marketing approach.,uh-grehs-ihv,"belligerent, rapacious, contentious, truculent, assertive","unaggressive, nonaggressive"
alternative,[N/Adj] another choice,[N/Adj] ทางเลือก,Is there an alternative solution?,ahl-tɜ(r)-nuh-tihv,"unconventional, choice, option, secondary, disjunctive",
annual,[Adj] happens once a year,[Adj] ประจำปี,The annual report will be published next week.,an-yu-uhl,"yearly, one-year, yearbook","perennial, scouring, biennial"
anticipate,[V] to expect something to happen,"[V] คาดการณ์, คาดหวัง",We anticipate strong demand this quarter.,an-tihs-ih-payt,"call, forestall, foretell, occur, foresee",
apparent,"[Adj] easy to see, obvious","[Adj] ชัดเจน, เห็นได้ชัด",It was apparent that changes were needed.,uh-pa-ruhnt,"ostensible, manifest, plain, evident, obvious",
applicant,[N] a person who applies for a job,[N] ผู้สมัคร,We received 200 applicants for the position.,ap-luh-kihnt,applier,
appropriate,[Adj] right for the situation,[Adj] เหมาะสม,Please wear appropriate attire.,,"pertinent, apropos, seize, proper, right",inappropriate
approval,"[N] saying yes, giving permission",[N] การอนุมัติ,The project is pending approval.,uh-pruvuhl,"commendation, blessing, approving, favorable reception",disapproval
aspect,[N] one part or side of something,"[N] แง่มุม, ด้าน",We need to consider every aspect of the plan.,aspehkt,"appearance, blee, look, facet",
assess,[V] to look at something and decide how good it is,[V] ประเมิน,We'll assess the situation and decide.,uh-sehs,"appraise, evaluate, value, measure, tax",
assign,[V] to give someone a task to do,[V] มอบหมาย,The manager assigned tasks to each team member.,uh-seyen,"arrogate, attribute, ascribe, delegate, designate",
associate,[V/N] to connect things together / a coworker,"[V/N] เชื่อมโยง, ผู้ร่วมงาน",He's an associate at the law firm.,uh-suhuusi-uht,"familiar, companion, fellow, link, comrade",dissociate
assume,[V] to think something is true without checking,"[V] สันนิษฐาน, รับหน้าที่",I assume you've read the report.,uh-sum,"arrogate, acquire, sham, presume, take",
assure,[V] to tell someone everything will be okay,"[V] รับรอง, ทำให้มั่นใจ",I assure you the issue will be resolved.,uh-shaw,"ascertain, control, secure, see, check",worry
authorize,[V] to give official permission,"[V] อนุญาต, ให้อำนาจ",Only managers can authorize purchases over $500.,ahthuhreyez,"clear, pass, authorise",
aware,[Adj] you know about it,"[Adj] ตระหนัก, รู้ตัว",Are you aware of the new policy?,uh-wer,"evocative, cognizant, redolent, knowledgeable, mindful","unaware, mindless, unwitting"
bid,[N/V] to offer a price / an offer in a competition,"[N/V] การเสนอราคา, ประมูล",Three companies submitted bids for the project.,bihd,"tender, command, entreat, call, adjure",
boost,[V/N] to make something go up or get better,"[V/N] เพิ่ม, กระตุ้น",The campaign helped boost sales.,bust,"advance, encourage, promote, rise, further",
brief,[Adj/V] short and quick / to give someone key info fast,"[Adj/V] สั้น, กระชับ, สรุปให้ฟัง",Let me give you a brief overview.,brif,"concise, short, little, abbreviated, legal brief",
candidate,[N] a person trying to get a job or position,"[N] ผู้สมัคร, ตัวเลือก",She's the top candidate for the job.,kan-dihduht,"prospect, nominee, campaigner",
capable,[Adj] able to do something well,[Adj] มีความสามารถ,He's very capable of handling the project.,kaypuhbl̩,"adequate, competent, susceptible, confident, resourceful",incapable
circumstance,[N] the situation around something,"[N] สถานการณ์, เหตุการณ์","Under the circumstances, we had no choice.",-ans,"condition, consideration, context",
clarify,[V] to explain so it's easier to understand,"[V] ชี้แจง, ทำให้ชัดเจน",Could you clarify what you mean?,klarihfeye,"elucidate, clear, illuminate, enlighten, shed light on","obscure, obfuscate, blur"
commitment,[N] a promise to do something / being dedicated,"[N] ความมุ่งมั่น, พันธสัญญา",We appreciate your commitment to quality.,,"dedication, allegiance, loyalty, consignment, committal",
commodity,[N] a basic product that is bought and sold (like oil or rice),"[N] สินค้า, สิ่งของ",Oil is a valuable commodity.,kuh-mahduhti,goods,
comparable,[Adj] similar enough to compare,[Adj] เทียบเคียงได้,The two products are comparable in quality.,kuhm-paruhbl̩,"corresponding, like, same","incomparable, uncomparable"
competitive,[Adj] trying hard to win / (price) as good as others,"[Adj] แข่งขัน, มีความสามารถในการแข่งขัน",We offer competitive salaries.,kuhm-pehtihtihv,"aggressive, militant, combative, agonistic, emulous",noncompetitive
component,[N] one piece of something bigger,[N] ส่วนประกอบ,Each component was tested individually.,kuhm-pohnuhnt,"element, constituent, part, factor, portion",
concern,[N/V] a worry / to be about something,"[N/V] ความกังวล, เกี่ยวข้อง",Safety is our main concern.,kuhn-sɜn,"vexation, touch, worry, interest, pertain",unconcern
conduct,[V/N] to do or carry out something / how you behave,"[V/N] ดำเนินการ, ความประพฤติ",We will conduct a survey next month.,kahnduhkt,"convey, demeanor, lead, direct, channel",
conference,[N] a big meeting where people discuss topics,[N] การประชุม,The conference is held annually in March.,kahn-fuh-ruhns,"group discussion, league",
confidential,"[Adj] secret, private, don't share it",[Adj] เป็นความลับ,This information is strictly confidential.,kahnfih-dehnshl,"close, secret, private, closet, classified",
consequence,[N] what happens because of something,[N] ผลที่ตามมา,There will be consequences for missing deadlines.,kahnsihkwehns,"issue, effect, outcome, result, aftermath",inconsequence
considerable,"[Adj] quite a lot, big enough to matter","[Adj] มาก, สำคัญ",We've made considerable progress.,kuhn-sihduhruhbl̩,"significant, substantial, extensive, sizeable, extended",inconsiderable
consistent,"[Adj] always the same, doesn't change","[Adj] สม่ำเสมอ, คงที่",Quality must be consistent across all products.,kuhn-sihstuhnt,"concordant, accordant, coherent, orderly, ordered","inconsistent, irreproducible, unreproducible"
constraint,[N] something that limits what you can do,[N] ข้อจำกัด,Budget constraints limit our options.,kuhn-straynt,restraint,
consult,[V] to ask an expert for advice,"[V] ปรึกษา, หารือ",You should consult a lawyer.,,"confabulate, refer, confab, look up, confer with",
contribute,[V] to give or help with something,"[V] มีส่วนร่วม, บริจาค",Everyone contributed to the project's success.,kuhn-t(sh)rihb-yut,"impart, lead, give, bestow, conduce",
controversy,[N] when people strongly disagree about something,[N] ข้อโต้แย้ง,The decision caused some controversy.,kahntruh-vɝsi,"contention, tilt, argument, contestation, arguing",
convention,[N] a big event or meeting / the normal way of doing things,"[N] การประชุมใหญ่, ธรรมเนียม",The industry convention is next month.,kuhn-vehn-shuhn,"pattern, rule, normal, formula, convening",unconventionality
convince,[V] to make someone believe or agree,"[V] โน้มน้าว, ทำให้เชื่อ",She convinced the board to approve the plan.,kuhn-vihns,"convert, turn, win over",
corporate,[Adj] related to a big company,"[Adj] ของบริษัท, องค์กร",The corporate office is in New York.,kawp(uh)ruht,"corporeal, joint, collective, incarnate, corporal",
correspond,[V] to match / to write messages to each other,"[V] ติดต่อ, สอดคล้อง",The numbers don't correspond with the report.,kahruh-spahnd,"fit, check, represent, jibe, match","disaccord, disagree, discord"
criteria,[N] the rules used to judge or decide,"[N] เกณฑ์, มาตรฐาน",What are the criteria for selection?,kreye-teerr-i-uh,,
crucial,"[Adj] super important, you can't skip it","[Adj] สำคัญมาก, ชี้ขาด",Timing is crucial for this launch.,kru-shuhl,"critical, essential, important, pivotal, relevant",noncrucial
deadline,[N] the last day you can finish something,"[N] กำหนดส่ง, เส้นตาย",The deadline is next Friday.,dehd-leyen,,
decade,[N] 10 years,[N] ทศวรรษ,The company has grown a lot over the past decade.,duh-kayd,"x, tenner, ten, decennary, decennium",
decline,[V/N] to go down / to say no,"[V/N] ลดลง, ปฏิเสธ",Sales declined by 5% last month.,dih-kleyen,"decay, reject, diminution, fall, wane","ameliorate, improve, meliorate"
demonstrate,[V] to show how something works,"[V] แสดงให้เห็น, สาธิต",Let me demonstrate how it works.,dehmuhnstrayt,"ascertain, exhibit, manifest, present, establish","confute, disprove"
despite,[Prep] even though,[Prep] ทั้งๆ ที่,"Despite the rain, the event was a success.",dih-speyet,,
detect,[V] to find or notice something,"[V] ตรวจจับ, ค้นพบ",The system can detect errors automatically.,dih-tehkt,"observe, find, notice, discover",
determine,[V] to find out or decide,"[V] กำหนด, ตัดสินใจ",We need to determine the root cause.,dih-tɜmihn,"ascertain, set, influence, shape, see",
devote,[V] to give all your time and energy to something,"[V] อุทิศ, ทุ่มเท",She devoted her career to education.,dih-vuhuut,"give, commit, dedicate, pay",
dimension,[N] a size or measurement / a side of a topic,"[N] มิติ, ขนาด",Consider every dimension of the problem.,deye-mehnshuhn,"attribute, proportion, property",
discipline,[N] controlling yourself to follow rules / a subject area,"[N] วินัย, สาขาวิชา",Success requires discipline.,dih-suh-plihn,"subject, field, check, study, train","indiscipline, undiscipline"
disclose,[V] to tell something that was secret,[V] เปิดเผย,The company refused to disclose the details.,dihs-kluhuuz,"bring to light, expose, reveal, impart, make known","cover up, withhold"
dispute,[N/V] a fight or argument about something,"[N/V] ข้อพิพาท, โต้แย้ง",The dispute was resolved through mediation.,dihs-pyut,"conflict, challenge, gainsay, quarrel, argufy",
distinct,[Adj] clearly different from others,"[Adj] ชัดเจน, แตกต่าง",There are two distinct categories.,dihs-tihngkt,"sharp, clear, crisp, trenchant, different",indistinct
distribute,[V] to give out to many people,"[V] แจกจ่าย, กระจาย",Flyers were distributed to all attendees.,dih-strihbyut,"categorize, sort, courier, allot, dispend",
domestic,[Adj] inside your own country / related to home,"[Adj] ภายในประเทศ, ในบ้าน",Domestic flights depart from Terminal 1.,duh-mehstihk,"municipal, native, internal, tamed, husbandly","foreign, undomestic"
dominate,[V] to be the biggest or strongest,"[V] ครอบงำ, มีอิทธิพล",The brand dominates the market.,dahmuh-nayt,"command, prevail, overlook, master, rule",
draft,[N/V] a first version that's not finished yet,"[N/V] ร่าง, ฉบับร่าง",I'll send you the first draft by Monday.,draft,swig,
duration,[N] how long something lasts,[N] ระยะเวลา,The course duration is 6 weeks.,dyuu-rayshn,"continuance, length",
efficient,[Adj] does the job well without wasting time or money,[Adj] มีประสิทธิภาพ,The new process is much more efficient.,uh-fihshuhnt,"prompt, competent, expeditious, effective, streamlined",inefficient
eliminate,[V] to remove completely,"[V] กำจัด, ตัดออก",We need to eliminate unnecessary costs.,ih-lihmuhnayt,"void, obviate, pass, reject, eradicate","necessitate, demand, need"
emerge,[V] to come out or appear,"[V] ปรากฏ, เกิดขึ้น",New trends are emerging in the market.,i-mɜd͡zh,"come forth, forthcome, heave in sight",
emphasize,[V] to say something is very important,"[V] เน้น, ย้ำ",I want to emphasize the importance of safety.,ehm-fuh-seyez,"accentuate, stress, accent, underscore, punctuate","destress, deemphasize"
enable,[V] to make it possible for something to happen,[V] ทำให้สามารถ,This tool enables remote collaboration.,ih-naybuhl,,"disable, incapacitate, disenable"
encounter,[V/N] to meet or face something (often unexpected),"[V/N] พบเจอ, เผชิญ",We encountered a few problems along the way.,ihn-kowntuh,"brush, see, play, chance, hit",
enhance,[V] to make something better,"[V] เพิ่มพูน, ปรับปรุง",The update will enhance user experience.,ihn-hahns,"raise, heighten",
enormous,[Adj] very very big,"[Adj] มหาศาล, ใหญ่โต",The project requires an enormous budget.,ih-naw(r)muhs,"tremendous, large, big",
ensure,[V] to make sure something happens,[V] ทำให้แน่ใจ,Please ensure all doors are locked.,ihn-shaw,"ascertain, control, assure, secure, see",
enterprise,[N] a business or big project,"[N] กิจการ, วิสาหกิจ",She runs a small enterprise.,ehntɚ-preyez,"endeavor, initiative, endeavour, go-ahead, enterprisingness",
entire,"[Adj] all of it, the whole thing",[Adj] ทั้งหมด,The entire team was involved.,uhn-teyeuh,"full, smooth, total, intact, whole",
equivalent,[Adj/N] the same amount or value,[Adj/N] เทียบเท่า,One mile is roughly equivalent to 1.6 km.,ih-kwihvuhluhnt,"like, same, equal, eq, equivalent weight","unequal, unlike"
establish,[V] to start or create something new,"[V] ก่อตั้ง, สร้าง",The company was established in 1990.,ih-stab-lihsh,"base, demonstrate, constitute, show, give","confute, get rid of, disprove"
evident,"[Adj] easy to see, clear","[Adj] ชัดเจน, เห็นได้ชัด",It's evident that we need more staff.,eh-vih-duhnt,"manifest, plain, apparent, obvious, discernible",
exceed,"[V] to go over the limit, more than expected","[V] เกิน, มากกว่า",Sales exceeded expectations.,ihk-sid,"pass, surmount, transcend, top, surpass",
exception,[N] something that doesn't follow the rule,[N] ข้อยกเว้น,No exceptions will be made.,uhk-sehpshuhn,exclusion,"commonness, generality"
excessive,[Adj] way too much,[Adj] มากเกินไป,Excessive overtime is not encouraged.,ihk-sehsihv,"exuberant, extravagant, unrestrained, overweening, immoderate",
exhibit,[V/N] to show something to the public / a display,"[V/N] จัดแสดง, นิทรรศการ",The museum will exhibit new artwork next month.,ehg-,"showing, exhibition, exposition, show, demonstrate",
expand,[V] to get bigger or grow,[V] ขยาย,We plan to expand into new markets.,ehk-spand,"expound, flourish, expatiate, amplify, elaborate",
expertise,[N] being very skilled at something,[N] ความเชี่ยวชาญ,Her expertise in finance is impressive.,ehkspɚ-tis,expertness,
explicit,"[Adj] said very clearly, no confusion","[Adj] ชัดแจ้ง, โจ่งแจ้ง",The instructions were very explicit.,ihk-splihsiht,"raunchy, express, manifest, overt","circumspect, implicit, unexplicit"
expose,[V] to show something that was hidden,"[V] เปิดเผย, เผย",The report exposed several issues.,ihk-spuhuuz,"impart, exhibit, display, break, divulge",cover
extend,[V] to make longer or bigger,"[V] ขยาย, ต่อเวลา",Can we extend the deadline by one week?,ehk-stehnd,"enlarge, expand, increase, inherit, lengthen",
extensive,"[Adj] very wide, covers a lot","[Adj] กว้างขวาง, ครอบคลุม",She has extensive experience in marketing.,ehks-tehn-sihv,"comprehensive, copious, abundant, considerable, large",intensive
extract,[V/N] to pull out or take out,"[V/N] สกัด, ดึงออก",We need to extract data from the database.,,"elicit, evoke, educe, express, selection",
feasible,"[Adj] can be done, possible","[Adj] เป็นไปได้, ทำได้",Is this plan feasible within our budget?,fizuhbuhl,"achievable, doable, possible, practicable, workable","infeasible, unfeasible"
flexible,"[Adj] can change easily, not strict",[Adj] ยืดหยุ่น,We offer flexible working hours.,flehk-suh-buhl,"pliant, versatile, pliable, elastic, adaptable","inflexible, uncompromising"
forecast,[N/V] a guess about what will happen (like weather),"[N/V] พยากรณ์, คาดการณ์",The weather forecast says rain tomorrow.,fawkahst,"presage, augur, reckon, figure, portend",
formal,"[Adj] official, follows rules and traditions",[Adj] เป็นทางการ,Please send a formal invitation.,fawmuhl,"solemn, perfunctory, positive, conventional, elegant","informal, genus doliolum"
former,"[Adj] from before, previous","[Adj] อดีต, ก่อนหน้า",The former CEO retired last year.,fawmuh,"quondam, other, previous, erstwhile, early",latter
foundation,[N] the base of something / a charity organization,"[N] มูลนิธิ, รากฐาน",Trust is the foundation of any relationship.,fown-dayshuhn,"base, groundwall, basis, groundwork, establishment","abolition, dissolution, ruination"
fundamental,[Adj] very basic and important,"[Adj] พื้นฐาน, สำคัญ",This is a fundamental change in policy.,fuhnduh-mehntuhl,groundlaying,
generate,[V] to create or produce,"[V] สร้าง, ผลิต",The campaign generated a lot of interest.,yehn-uhr-ayt,"yield, render, give, engender, return",
genuine,"[Adj] real, not fake","[Adj] แท้จริง, จริงใจ",He showed genuine concern for the team.,yehnyu-eyen,"authentic, lubish, natural, real, true","fake, ingenuine"
grant,[N/V] money given for a purpose / to give officially,"[N/V] เงินทุน, มอบให้",The government granted funding for the project.,grahnt,"yield, concede, accord, cede, give","refuse, deny"
guideline,[N] a rule or tip that helps you do something right,"[N] แนวทาง, หลักเกณฑ์",Please follow the company guidelines.,,"rule of thumb, guidepost",
headquarters,[N] the main office of a company,[N] สำนักงานใหญ่,Our headquarters is in Bangkok.,hehd-kwaw-tuhz,"home office, main office, central office, hq, military headquarters",
hesitate,[V] to stop for a moment because you're not sure,[V] ลังเล,Don't hesitate to ask questions.,hehzihtayt,"pause, swiver, waver",
highlight,[V/N] to point out the most important part,"[V/N] เน้น, จุดเด่น",I'd like to highlight a few key points.,heye-leyet,"spotlight, foreground, play up, highlighting, high spot","background, play down"
ideal,"[Adj/N] the best, perfect","[Adj/N] อุดมคติ, เหมาะสมที่สุด",This is the ideal location for our office.,eye-di-uhl,"apotheosis, paragon, abstract, nonpareil, perfect",
identify,[V] to find out what something is,"[V] ระบุ, บ่งชี้",We need to identify the problem first.,eye-dehn-tih-feye,"key, describe, distinguish, name, key out",
illustrate,[V] to explain by showing examples,"[V] แสดงให้เห็น, อธิบาย",Let me illustrate with an example.,ih-luhs-trayt,"exemplify, instance",
impact,[N/V] a big effect on something,[N/V] ผลกระทบ,The policy had a huge impact on sales.,,"touch, affect, encroachment, shock, impingement",
imply,[V] to mean something without saying it directly,[V] บอกเป็นนัย,Are you implying that I made a mistake?,ihm-pleye,"mean, entail, connote, involve, incriminate",
impose,[V] to force a rule or tax on someone,"[V] กำหนด, บังคับ",The government imposed new regulations.,ihm-puhuuz,"enforce, visit, levy, bring down, inflict",
indicate,[V] to show or point to something,"[V] บ่งชี้, ระบุ",The data indicates a positive trend.,ihndihkayt,"show, point, bespeak, suggest, betoken",contraindicate
initiative,[N] doing something first without being told / a new plan,"[N] ความคิดริเริ่ม, โครงการ",She took the initiative to start the project.,ih-nihshuhtihv,"maiden, opening, inaugural, first, initiatory",
inquire,[V] to ask for information,[V] สอบถาม,I'd like to inquire about the job opening.,ihn-kweyeuh,frain,
insight,[N] a clear and deep understanding,[N] ความเข้าใจลึกซึ้ง,The report provides valuable insights.,ihnseyet,"discernment, penetration, perception",
inspect,[V] to check something carefully,[V] ตรวจสอบ,The building was inspected last week.,ihn-spehkt,"scrutinize, audit, visit",
instance,[N] an example or case,"[N] กรณี, ตัวอย่าง","For instance, we could try a different approach.",ihnstuhns,"case, exemplify, illustrate, representative, illustration",
integrate,[V] to put things together into one,[V] รวมเข้าด้วยกัน,We need to integrate the two systems.,ihntuhgrayt,"embody, fuse, merge, assimilate, incorporate",segregate
intend,[V] to plan to do something,"[V] ตั้งใจ, มุ่งหมาย",I intend to finish by Friday.,ihn-tehnd,"mean, think, designate, specify, signify",
intense,[Adj] very strong or serious,"[Adj] รุนแรง, เข้มข้น",The competition was intense.,ihn-tehns,"profound, vehement, keen, exquisite, sharp",mild
interpret,[V] to explain what something means / to translate,"[V] ตีความ, แปล",How do you interpret these results?,ihn-tɜ-priht,"decipher, elucidate, explain, expound, render",
investigate,[V] to look into something to find the truth,"[V] สืบสวน, ตรวจสอบ",The police are investigating the incident.,[ihn-ves-tih-gay̯t],look into,
itinerary,[N] a plan for a trip (where and when),[N] กำหนดการเดินทาง,Here's the itinerary for your trip.,eye-tihnuhri,"travel guidebook, travel plan",
complimentary,"[Adj] free, you don't pay / saying nice things","[Adj] ฟรี, ชมเชย",Breakfast is complimentary for all guests.,kahmpliḧ-mehnt(uh)ri,"free, gratuitous, laudatory, panegyrical, adulatory",uncomplimentary
expedite,[V] to make something happen faster,"[V] เร่ง, ทำให้เร็วขึ้น",Can you expedite the shipping?,ehk-spuh-deyet,hasten,
prospective,"[Adj] might happen in the future, possible",[Adj] ที่คาดว่าจะเป็น,We're meeting with prospective clients today.,pruh-spehktihv,"potential, expected, future, likely",retrospective
voucher,[N] a paper or code that gives you a discount,"[N] บัตรกำนัล, คูปอง",Use this voucher for a 10% discount.,vowchuh(r),coupon,
correspondence,[N] letters or emails between people,"[N] จดหมายโต้ตอบ, การติดต่อ",All correspondence should be sent to HR.,kahrih-spahnduhns,"balance, agreement, parallelism, map, symmetry","imbalance, asymmetry"
adjacent,[Adj] right next to,"[Adj] ติดกัน, ใกล้เคียง",The parking lot is adjacent to the building.,uh-yay-suhnt,"close, contiguous, near, connected, adjoining",
patron,[N] a regular customer or supporter,"[N] ลูกค้าประจำ, ผู้อุปถัมภ์",The restaurant thanks its loyal patrons.,pay-truhn,"supporter, sponsor, attender, frequenter, patronne",
no worries,"[Phrase] it's okay, don't worry about it",,"No worries, I'll handle it.",,,
my bad,"[Phrase] my mistake, sorry",,"Oh, my bad — I sent it to the wrong person.",,,
I'm swamped,[Phrase] I'm very busy,,Can we meet tomorrow? I'm swamped today.,,,
hang out,[PhV] to spend time casually,,Want to hang out after work?,,,
chill,[Adj/V] relaxed / to relax,,Let's just chill this weekend.,chihl,"cool, frisson, quiver, thrill, pall","heat, heat up, hot up"
a heads up,[Phrase] an advance warning,,Just a heads up — the meeting moved to 3 PM.,,,
no big deal,[Phrase] it's not important,,You forgot? No big deal.,,,
I'm down,"[Phrase] I agree, I want to join",,Dinner tonight? I'm down.,,,
for real,"[Phrase] seriously, truly",,For real? That's amazing!,,,
that makes sense,[Phrase] I understand now,,"Oh, that makes sense. Thanks for explaining.",,,
fair enough,"[Phrase] that's reasonable, I accept",,"Fair enough, let's do it your way.",,,
by the way,"[Phrase] also, additionally (BTW)",,"By the way, did you finish the report?",,,
kind of,"[Adv] somewhat, a little (kinda)",,I'm kind of tired today.,,,
figure out,"[PhV] to solve, understand",,I need to figure out how this works.,,,
mess up,[PhV] to make a mistake,,I messed up the order. Sorry!,,,
sort out,"[PhV] to organize, fix a problem",,Let me sort out the schedule first.,,,
end up,[PhV] to finally be in a situation,,We ended up staying until midnight.,,,
come up with,[PhV] to think of an idea,,She came up with a great solution.,,,
look into,"[PhV] to investigate, research",,I'll look into it and get back to you.,,,
run into,[PhV] to meet by chance,,I ran into our old colleague at the mall.,,,
catch up,"[PhV] to update each other, meet after a while",,Let's catch up over coffee sometime.,,,
keep up with,[PhV] to stay at the same level/pace,,It's hard to keep up with all the changes.,,,
put off,"[PhV] to postpone, delay",,Stop putting off the deadline.,,,
bring up,[PhV] to mention a topic,,She brought up a good point in the meeting.,,,
turn out,[PhV] the result was...,,It turned out better than expected.,,,
work out,[PhV] to exercise / to succeed,,I hope everything works out for you.,,,
get the hang of,[PhV] to learn how to do something,,You'll get the hang of it after a few tries.,,,
on the same page,"[Phrase] in agreement, same understanding",,Let's make sure we're on the same page.,,,
from scratch,"[Phrase] from the beginning, from zero",,I built this project from scratch.,,,
24/7,"[Phrase] all the time, always available",,The support team is available 24/7.,,,
touch base,[PhV] to briefly contact someone,,Let's touch base tomorrow morning.,,,
follow up,[PhV] to check on progress,,I'll follow up with the client next week.,,,
get back to,[PhV] to reply later,,Let me get back to you on that.,,,
wrap up,"[PhV] to finish, conclude",,Let's wrap up the meeting.,,,
fill in,"[PhV] to inform, or substitute for someone",,Can you fill me in on what I missed?,,,
take over,[PhV] to assume control,,She'll take over the project next month.,,,
carry out,"[PhV] to perform, execute",,We need to carry out the plan carefully.,,,
set up,"[PhV] to arrange, prepare",,I'll set up the meeting room.,,,
go over,[PhV] to review,,Let's go over the numbers one more time.,,,
point out,"[PhV] to indicate, highlight",,He pointed out several errors in the report.,,,
come across,[PhV] to find by chance / to seem,,She comes across as very confident.,,,
deal with,[PhV] to handle a situation,,How do you deal with difficult clients?,,,
cut back on,[PhV] to reduce,,We need to cut back on expenses.,,,
call off,[PhV] to cancel,,They called off the event due to rain.,,,
pull off,[PhV] to succeed at something difficult,,I can't believe we pulled it off!,,,
as per,[Prep] according to,,"As per our discussion, I've updated the file.",,,
please find attached,[Phrase] here is the file (email),,Please find attached the quarterly report.,,,
at your earliest convenience,[Phrase] as soon as you can (polite),,Please reply at your earliest convenience.,,,
I'd appreciate it if,[Phrase] polite request,,I'd appreciate it if you could review this.,,,
looking forward to,[Phrase] excited about (email closing),,Looking forward to hearing from you.,,,
with regard to,"[Prep] about, concerning",,"With regard to your request, we've approved it.",,,
for your reference,"[Phrase] FYI, for your information",,"For your reference, the policy has been updated.",,,
don't hesitate to,[Phrase] feel free to,,Don't hesitate to reach out if you need help.,,,
tbh,[Abbr] to be honest,,"Tbh, I didn't really like the movie.",,,
ngl,[Abbr] not gonna lie,,"Ngl, that presentation was really good.",,,
imo,[Abbr] in my opinion,,"Imo, we should go with option B.",,international maritime organization,
lmk,[Abbr] let me know,,Lmk if you're free this weekend.,,,
brb,[Abbr] be right back,,"Brb, grabbing coffee.",,,
fyi,[Abbr] for your information,,"Fyi, the deadline is next Friday.",,,
asap,[Abbr] as soon as possible,,Please send the report asap.,,,
gonna,[Slang] going to,,I'm gonna finish this tonight.,,,
wanna,[Slang] want to,,Wanna grab lunch?,,,
gotta,"[Slang] got to, have to",,I gotta go now. Talk later!,,,
gotcha,[Slang] I understand / I caught you,,"Gotcha, I'll fix it right away.",,,
nope,[Slang] no (casual),,"Nope, I haven't seen it yet.",nohp,,
yep,[Slang] yes (casual),,"Yep, sounds good to me.",yehp,,
